[
  {
    "icon": "fa fa-home",
    "slug": "external",
    "title": "Volver al inicio",
    "path": "index.html"
  },  
  {
    "icon": "fa fa-file-text-o",
    "slug": "introduccion",
    "title": "Introducción",
    "path": "pages/introduccion.html"
  },   
  {
    "icon": "fa fa-file-text-o",
    "slug": "tema-1",
    "title": "1. Teoría de los requisitos",
    "path": "pages/tema-1.html"
  }, 
  {
    "icon": "fa fa-file-text-o",
    "slug": "tema-2",
    "title": "2. Herramientas de recolección de información",
    "path": "pages/tema-2.html" 
  },
  {
    "icon": "fa fa-file-text-o",
    "slug": "tema-3",
    "title": "3. Documentación, normas y estándares para redactar requisitos",
    "path": "pages/tema-3.html" 
  },
  {
    "icon": "fa fa-file-text-o",
    "slug": "tema-4",
    "title": "4. Validación de requisitos",
    "path": "pages/tema-4.html" 
  }     
]